_id,title,domain,rss,category,channels[0],channels[1],channels[2],channels[3],channels[4],is_enabled,xpaths.title,xpaths.author,xpaths.publication_date,xpaths.summary,xpaths.content
6696759a347e0ad714039cb7,Brave Blog,brave.com,https://brave.com/blog/index.xml,Brave,Top Sources,Brave,,,,true,,,,,
6696759a347e0ad714039cb8,CNN,www.cnn.com,http://rss.cnn.com/rss/edition_world.rss,World News,Top Sources,Top News,World News,,,true,,,,,
6696759a347e0ad714039cb9,The New York Times,www.nytimes.com,https://rss.nytimes.com/services/xml/rss/nyt/HomePage.xml,Top News,Top Sources,Top News,,,,true,,,,,
6696759a347e0ad714039cba,BBC,www.bbc.co.uk,https://feeds.bbci.co.uk/news/rss.xml?edition=int,Top News,Top Sources,Top News,,,,true,,,,,
6696759a347e0ad714039cbb,FOX News,www.foxnews.com,https://feeds.foxnews.com/foxnews/latest,Top News,Top Sources,Top News,,,,true,,,,,
6696759a347e0ad714039cbc,The Guardian,www.theguardian.com,https://www.theguardian.com/world/rss,Top News,Top Sources,Top News,,,,true,,,,,
6696759a347e0ad714039cbd,Washington Post,www.washingtonpost.com,https://www.washingtonpost.com/?outputType=rss,Top News,Top Sources,Top News,,,,true,,,,,
6696759a347e0ad714039cbe,NBC News,www.nbcnews.com,https://feeds.nbcnews.com/nbcnews/public/news,Top News,Top Sources,Top News,,,,true,,,,,
6696759a347e0ad714039cbf,ABC News,abcnews.go.com,https://abcnews.go.com/abcnews/topstories,Top News,Top Sources,Top News,,,,true,,,,,
6696759a347e0ad714039cc0,Daily Mail,www.dailymail.co.uk,https://www.dailymail.co.uk/home/index.rss,Top News,Top Sources,Top News,,,,true,,,,,
6696759a347e0ad714039cc1,New York Post,nypost.com,https://nypost.com/news/feed/,Top News,Top Sources,Top News,,,,true,,,,,
6696759a347e0ad714039cc2,NPR,www.npr.org,https://feeds.npr.org/1001/rss.xml,Top News,Top Sources,Top News,,,,true,,,,,
6696759a347e0ad714039cc3,WSJ,www.wsj.com,https://feeds.a.dj.com/rss/RSSWorldNews.xml,Top News,Top Sources,Top News,,,,true,,,,,
6696759a347e0ad714039cc4,LA Times,www.latimes.com,https://www.latimes.com/local/rss2.0.xml,Top News,Top Sources,Top News,,,,false,,,,,
6696759a347e0ad714039cc5,Newsweek,www.newsweek.com,https://www.newsweek.com/rss,Top News,Top Sources,Top News,,,,false,,,,,
6696759a347e0ad714039cc6,Politico,www.politico.com,https://rss.politico.com/politics-news.xml,Top News,Top Sources,Top News,Politics,,,false,,,,,
6696759a347e0ad714039cc7,The Independent,www.independent.co.uk,https://www.independent.co.uk/rss,Top News,Top Sources,Top News,,,,false,,,,,
6696759a347e0ad714039cc8,Breitbart,www.breitbart.com,https://feeds.feedburner.com/breitbart,Top News,Top Sources,Top News,Politics,,,false,,,,,
6696759a347e0ad714039cc9,The Hill,thehill.com,https://thehill.com/rss/syndicator/19110,Top News,Top Sources,Top News,Politics,,,false,,,,,
6696759a347e0ad714039cca,The Washington Times,www.washingtontimes.com,https://www.washingtontimes.com/rss/headlines/news/,Top News,Top Sources,Top News,Politics,,,false,,,,,
6696759a347e0ad714039ccb,The Daily Beast,www.thedailybeast.com,https://feeds.feedburner.com/thedailybeast/articles,Top News,Top Sources,Top News,,,,false,,,,,
6696759a347e0ad714039ccc,The Telegraph,www.telegraph.co.uk,https://www.telegraph.co.uk/news/rss.xml,Top News,Top Sources,Top News,,,,false,,,,,
6696759a347e0ad714039ccd,Daily Caller,dailycaller.com,https://dailycaller.com/section/us/feed/,Top News,Top Sources,Top News,Politics,,,false,,,,,
6696759a347e0ad714039cce,The Blaze,www.theblaze.com,https://www.theblaze.com/feeds/news.rss,Top News,Top Sources,Top News,Politics,,,false,,,,,
6696759a347e0ad714039ccf,CBC,www.cbc.ca,https://www.cbc.ca/cmlink/rss-topstories,Top News,Top Sources,Top News,,,,false,,,,,
6696759a347e0ad714039cd0,Al Jazeera,www.aljazeera.com,https://www.aljazeera.com/xml/rss/all.xml,Top News,Top Sources,Top News,,,,false,,,,,
6696759a347e0ad714039cd1,Sydney Morning Herald,www.smh.com.au,https://www.smh.com.au/rss/feed.xml,Top News,Top Sources,Top News,,,,false,,,,,
6696759a347e0ad714039cd2,Axios,www.axios.com,https://api.axios.com/feed/,Top News,Top Sources,Top News,,,,false,,,,,
6696759a347e0ad714039cd3,Der Spiegel,www.spiegel.de,https://www.spiegel.de/international/index.rss,Top News,Top Sources,Top News,,,,false,,,,,
6696759a347e0ad714039cd4,Sky News,news.sky.com,https://feeds.skynews.com/feeds/rss/world.xml,Top News,Top Sources,Top News,,,,false,,,,,
6696759a347e0ad714039cd5,The Boston Globe,www.bostonglobe.com,https://www.bostonglobe.com/rss/feedly.xml,Top News,Top Sources,Top News,,,,false,,,,,
6696759a347e0ad714039cd6,Euronews,www.euronews.com,https://feeds.feedburner.com/euronews/en/home/,Top News,Top Sources,Top News,,,,false,,,,,
6696759a347e0ad714039cd7,Financial Times,www.ft.com,https://www.ft.com/rss/home/uk,Top News,Top Sources,Top News,Business,,,false,,,,,
6696759a347e0ad714039cd8,Mother Jones,www.motherjones.com,https://feeds.feedburner.com/motherjones/main,Top News,Top Sources,Top News,Politics,,,false,,,,,
6696759a347e0ad714039cd9,The Christian Science Monitor,www.csmonitor.com,https://rss.csmonitor.com/feeds/top,Top News,Top Sources,Top News,,,,false,,,,,
6696759a347e0ad714039cda,ProPublica,www.propublica.org,https://www.propublica.org/feeds/propublica/main,Top News,Top Sources,Top News,,,,false,,,,,
6696759a347e0ad714039cdb,The New Republic,newrepublic.com,https://newrepublic.com/rss.xml,Top News,Top Sources,Top News,Politics,,,false,,,,,
6696759a347e0ad714039cdc,Democracy Now!,www.democracynow.org,https://www.democracynow.org/democracynow.rss,Top News,Top Sources,Top News,Politics,,,false,,,,,
6696759a347e0ad714039cdd,Foreign Policy,foreignpolicy.com,https://foreignpolicy.com/feed/,Top News,Top Sources,Top News,Politics,,,false,,,,,
6696759a347e0ad714039cde,The Nation,www.thenation.com,https://www.thenation.com/feed/?post_type=article,Top News,Top Sources,Top News,Politics,,,false,,,,,
6696759a347e0ad714039cdf,HuffPost,www.huffpost.com,https://www.huffpost.com/section/world-news/feed,Top News,Top Sources,Top News,,,,false,,,,,
6696759a347e0ad714039ce0,Yahoo Finance,www.barrons.com;www.marketwatch.com;www.investors.com;finance.yahoo.com;www.investopedia.com,https://finance.yahoo.com/rss/topstories,Business,Top Sources,Business,,,,false,,,,,
6696759a347e0ad714039ce1,Fast Company,www.fastcompany.com,https://feeds.feedburner.com/fastcompany/headlines,Business,Top Sources,Business,,,,true,,,,,
6696759a347e0ad714039ce2,Forbes,www.forbes.com,https://www.forbes.com/real-time/feed/,Business,Top Sources,Business,,,,true,,,,,
6696759a347e0ad714039ce3,WSJ - Markets,www.wsj.com,https://feeds.a.dj.com/rss/RSSMarketsMain.xml,Business,Top Sources,Business,,,,true,,,,,
6696759a347e0ad714039ce4,CNBC,www.cnbc.com,https://www.cnbc.com/id/100003114/device/rss/rss.html,Business,Top Sources,Business,,,,true,,,,,
6696759a347e0ad714039ce5,Business Insider,www.businessinsider.com;markets.businessinsider.com,https://feeds2.feedburner.com/businessinsider,Business,Top Sources,Business,,,,false,,,,,
6696759a347e0ad714039ce6,Entrepreneur,www.entrepreneur.com,https://feeds.feedburner.com/entrepreneur/latest,Business,Top Sources,Business,,,,false,,,,,
6696759a347e0ad714039ce7,Harvard Business Review,hbr.org,https://feeds.harvardbusiness.org/harvardbusiness/,Business,Top Sources,Business,,,,false,,,,,
6696759a347e0ad714039ce8,MarketWatch,www.marketwatch.com,https://feeds.marketwatch.com/marketwatch/topstories/,Business,Top Sources,Business,,,,false,,,,,
6696759a347e0ad714039ce9,Inc.com,www.inc.com,https://www.inc.com/rss/homepage.xml,Business,Top Sources,Business,,,,false,,,,,
6696759a347e0ad714039cea,The Economist,www.economist.com,https://www.economist.com/business/rss.xml,Business,Top Sources,Business,,,,false,,,,,
6696759a347e0ad714039ceb,Freakonomics,freakonomics.com,https://freakonomics.com/feed/,Business,Top Sources,Business,,,,false,,,,,
6696759a347e0ad714039cec,The Motley Fool,www.fool.com,https://www.fool.com/a/feeds/foolwatch?format=rss2&id=foolwatch&apikey=foolwatch-feed,Business,Top Sources,Business,,,,false,,,,,
6696759a347e0ad714039ced,FOX Business,www.foxbusiness.com,https://feeds.foxbusiness.com/foxbusiness/latest,Business,Top Sources,Business,,,,false,,,,,
6696759a347e0ad714039cee,Quartz,qz.com,https://cms.qz.com/feed/,Business,Top Sources,Business,,,,false,,,,,
6696759a347e0ad714039cef,PSFK,www.psfk.com,https://www.psfk.com/feeds/psfk,Business,Top Sources,Business,,,,false,,,,,
6696759a347e0ad714039cf0,Small Business Trends,smallbiztrends.com,https://feeds.feedburner.com/SmallBusinessTrends,Business,Top Sources,Business,,,,false,,,,,
6696759a347e0ad714039cf1,Seeking Alpha,seekingalpha.com,https://seekingalpha.com/feed.xml,Business,Top Sources,Business,,,,false,,,,,
6696759a347e0ad714039cf2,Fortune,fortune.com,https://fortune.com/feed/,Business,Top Sources,Business,,,,false,,,,,
6696759a347e0ad714039cf3,Financial Times - Markets,www.ft.com,https://www.ft.com/markets?format=rss,Business,Top Sources,Business,,,,false,,,,,
6696759a347e0ad714039cf4,Autoblog,www.autoblog.com,https://www.autoblog.com/rss.xml,Cars,Top Sources,Cars,,,,true,,,,,
6696759a347e0ad714039cf5,Jalopnik,jalopnik.com,https://jalopnik.com/rss,Cars,Top Sources,Cars,,,,true,,,,,
6696759a347e0ad714039cf6,Car and Driver,www.caranddriver.com,https://www.caranddriver.com/rss/all.xml/,Cars,Top Sources,Cars,,,,true,,,,,
6696759a347e0ad714039cf7,Edmunds,www.edmunds.com,https://www.edmunds.com/feeds/rss/articles.xml,Cars,Top Sources,Cars,,,,false,,,,,
6696759a347e0ad714039cf8,Motor1,www.motor1.com,https://www.motor1.com/rss/news/all/,Cars,Top Sources,Cars,,,,false,,,,,
6696759a347e0ad714039cf9,The Truth About Cars,www.thetruthaboutcars.com,https://www.thetruthaboutcars.com/feed/,Cars,Top Sources,Cars,,,,false,,,,,
6696759a347e0ad714039cfa,Electrek,electrek.co,https://electrek.co/feed/,Cars,Top Sources,Cars,,,,false,,,,,
6696759a347e0ad714039cfb,InsideEVs,insideevs.com,https://insideevs.com/rss/articles/all/,Cars,Top Sources,Cars,,,,false,,,,,
6696759a347e0ad714039cfc,CarBuzz,carbuzz.com,https://carbuzz.com/rss/news,Cars,Top Sources,Cars,,,,false,,,,,
6696759a347e0ad714039cfd,Autosport,www.autosport.com,https://www.autosport.com/rss/all/news/,Cars,Top Sources,Cars,,,,false,,,,,
6696759a347e0ad714039cfe,Speedhunters,www.speedhunters.com,https://feeds.feedburner.com/Speedhunters,Cars,Top Sources,Cars,,,,false,,,,,
6696759a347e0ad714039cff,Carscoops,www.carscoops.com,https://www.carscoops.com/category/news/feed/,Cars,Top Sources,Cars,,,,false,,,,,
6696759a347e0ad714039d00,Bike EXIF,www.bikeexif.com,https://www.bikeexif.com/feed,Cars,Top Sources,Cars,,,,false,,,,,
6696759a347e0ad714039d01,The Drive,www.thedrive.com,https://api.thedrive.com/feed/?post_type=the_drive_article,Cars,Top Sources,Cars,,,,false,,,,,
6696759a347e0ad714039d02,Autocar,www.autocar.co.uk,https://www.autocar.co.uk/rss/latestnews,Cars,Top Sources,Cars,,,,false,,,,,
6696759a347e0ad714039d03,Bring A Trailer,bringatrailer.com,https://bringatrailer.com/feed/,Cars,Top Sources,Cars,,,,false,,,,,
6696759a347e0ad714039d04,Paul Tan's Automotive News,paultan.org,https://paultan.org/feed/,Cars,Top Sources,Cars,,,,false,,,,,
6696759a347e0ad714039d05,The Car Connection,www.motorauthority.com,https://feeds.feedburner.com/MotorAuthority2,Cars,Top Sources,Cars,,,,false,,,,,
6696759a347e0ad714039d06,Cointelegraph,cointelegraph.com,https://cointelegraph.com/rss,Crypto,Top Sources,Crypto,,,,true,,,,,
6696759a347e0ad714039d07,Bitcoin Magazine,bitcoinmagazine.com,https://feeds.feedburner.com/BitcoinMagazine,Crypto,Top Sources,Crypto,,,,true,,,,,
6696759a347e0ad714039d08,Decrypt,decrypt.co,https://decrypt.co/feed/,Crypto,Top Sources,Crypto,,,,true,,,,,
6696759a347e0ad714039d09,Bitcoinist,bitcoinist.com,https://feeds.feedburner.com/bitcoinist/,Crypto,Top Sources,Crypto,,,,true,,,,,
6696759a347e0ad714039d0a,NewsBTC,www.newsbtc.com,https://www.newsbtc.com/feed/,Crypto,Top Sources,Crypto,,,,false,,,,,
6696759a347e0ad714039d0b,99 Bitcoins,99bitcoins.com,https://99bitcoins.com/feed/,Crypto,Top Sources,Crypto,,,,false,,,,,
6696759a347e0ad714039d0c,CryptoSlate,cryptoslate.com,https://cryptoslate.com/feed/,Crypto,Top Sources,Crypto,,,,false,,,,,
6696759a347e0ad714039d0d,Finance Magnates,www.financemagnates.com,https://www.financemagnates.com/cryptocurrency/feed/,Crypto,Top Sources,Crypto,,,,false,,,,,
6696759a347e0ad714039d0e,BTCMANAGER,btcmanager.com,https://btcmanager.com/feed/,Crypto,Top Sources,Crypto,,,,false,,,,,
6696759a347e0ad714039d0f,Blockgeeks,blockgeeks.com,https://blockgeeks.com/feed/,Crypto,Top Sources,Crypto,,,,false,,,,,
6696759a347e0ad714039d10,CryptoPotato,cryptopotato.com,https://cryptopotato.com/feed/,Crypto,Top Sources,Crypto,,,,false,,,,,
6696759a347e0ad714039d11,Wikihow,www.wikihow.com,https://www.wikihow.com/feed.rss,Culture,Top Sources,Culture,,,,true,,,,,
6696759a347e0ad714039d12,The Atlantic,www.theatlantic.com,https://feeds.feedburner.com/TheAtlantic,Culture,Top Sources,Culture,Politics,,,true,,,,,
6696759a347e0ad714039d13,TED Talks,www.ted.com,https://feeds.feedburner.com/tedtalks_video,Culture,Top Sources,Culture,Video,,,true,,,,,
6696759a347e0ad714039d14,Vox,www.vox.com,https://www.vox.com/rss/index.xml,Culture,Top Sources,Culture,,,,true,,,,,
6696759a347e0ad714039d15,Slate,slate.com,https://slate.com/feeds/all.rss,Culture,Top Sources,Culture,,,,true,,,,,
6696759a347e0ad714039d16,VICE,www.vice.com,https://www.vice.com/en/rss?locale=en_us,Culture,Top Sources,Culture,,,,true,,,,,
6696759a347e0ad714039d17,The New Yorker,www.newyorker.com,https://www.newyorker.com/feed/everything,Culture,Top Sources,Culture,,,,false,,,,,
6696759a347e0ad714039d18,Boing Boing,boingboing.net,https://boingboing.net/feed,Culture,Top Sources,Culture,,,,false,,,,,
6696759a347e0ad714039d19,Brain Pickings,www.themarginalian.org,https://feeds.feedburner.com/brainpickings/rss,Culture,Top Sources,Culture,,,,false,,,,,
6696759a347e0ad714039d1a,Vanity Fair,www.vanityfair.com,https://www.vanityfair.com/feed/rss,Culture,Top Sources,Culture,,,,false,,,,,
6696759a347e0ad714039d1b,Cool Hunting,coolhunting.com,https://coolhunting.com/feed/atom/,Culture,Top Sources,Culture,,,,false,,,,,
6696759a347e0ad714039d1c,Complex,www.complex.com;solecollector.com,https://assets.complex.com/feeds/channels/all.xml,Culture,Top Sources,Culture,,,,false,,,,,
6696759a347e0ad714039d1d,Mental Floss,www.mentalfloss.com,https://www.mentalfloss.com/rss.xml,Culture,Top Sources,Culture,,,,false,,,,,
6696759a347e0ad714039d1e,Thought Catalog,thoughtcatalog.com,https://feeds.feedburner.com/ThoughtCatalog,Culture,Top Sources,Culture,,,,false,,,,,
6696759a347e0ad714039d1f,Open Culture,www.openculture.com,https://feeds.feedburner.com/OpenCulture,Culture,Top Sources,Culture,,,,false,,,,,
6696759a347e0ad714039d20,Salon.com,www.salon.com,https://www.salon.com/feed/,Culture,Top Sources,Culture,,,,false,,,,,
6696759a347e0ad714039d21,PostSecret,postsecret.blogspot.com,https://postsecret.blogspot.com/feeds/posts/default,Culture,Top Sources,Culture,,,,false,,,,,
6696759a347e0ad714039d22,Upworthy,biztoc.com,https://feeds.feedburner.com/upworthy,Culture,Top Sources,Culture,,,,false,,,,,
6696759a347e0ad714039d23,kottke.org,kottke.org,https://feeds.kottke.org/main,Culture,Top Sources,Culture,,,,false,,,,,
6696759a347e0ad714039d24,The New York Review of Books,www.nybooks.com,https://feeds.feedburner.com/nybooks,Culture,Top Sources,Culture,,,,false,,,,,
6696759a347e0ad714039d25,The Root,www.theroot.com,https://www.theroot.com/rss/full,Culture,Top Sources,Culture,,,,false,,,,,
6696759a347e0ad714039d26,TMZ,www.tmz.com,https://www.tmz.com/rss.xml,Entertainment,Top Sources,Entertainment,,,,true,,,,,
6696759a347e0ad714039d27,Rolling Stone,www.rollingstone.com,https://www.rollingstone.com/music/feed/,Entertainment,Top Sources,Entertainment,Music,,,true,,,,,
6696759a347e0ad714039d28,Variety,variety.com,https://feeds.feedburner.com/variety/headlines,Entertainment,Top Sources,Entertainment,Celebs,Film,TV,true,,,,,
6696759a347e0ad714039d29,E! Online,www.eonline.com,https://syndication.eonline.com/syndication/feeds/rssfeeds/topstories.xml,Entertainment,Top Sources,Entertainment,Celebs,Film,TV,true,,,,,
6696759a347e0ad714039d2a,IndieWire,www.indiewire.com,https://www.indiewire.com/feed/,Entertainment,Top Sources,Entertainment,Film,,,true,,,,,
6696759a347e0ad714039d2b,io9,gizmodo.com,https://feeds.feedburner.com/io9/,Entertainment,Top Sources,Entertainment,,,,false,,,,,
6696759a347e0ad714039d2c,Deadline,deadline.com,https://deadline.com/feed/,Entertainment,Top Sources,Entertainment,Film,,,false,,,,,
6696759a347e0ad714039d2d,SlashFilm,www.slashfilm.com,https://feeds.feedburner.com/slashfilm,Entertainment,Top Sources,Entertainment,Film,,,false,,,,,
6696759a347e0ad714039d2e,IGN Reviews,www.ign.com,https://feeds.ign.com/ign/reviews,Entertainment,Top Sources,Entertainment,,,,false,,,,,
6696759a347e0ad714039d2f,The A.V. Club,www.avclub.com,https://www.avclub.com/rss,Entertainment,Top Sources,Entertainment,,,,false,,,,,
6696759a347e0ad714039d30,Vanity Fair,www.vanityfair.com,https://www.vanityfair.com/feed/rss,Entertainment,Top Sources,Entertainment,Culture,,,false,,,,,
6696759a347e0ad714039d31,FirstShowing.net,www.firstshowing.net,https://www.firstshowing.net/feed/?full,Entertainment,Top Sources,Entertainment,,,,false,,,,,
6696759a347e0ad714039d32,ET,www.etonline.com,https://feeds.feedburner.com/ETTopStories,Entertainment,Top Sources,Entertainment,Celebs,Film,TV,false,,,,,
6696759a347e0ad714039d33,Us Weekly,www.usmagazine.com,https://www.usmagazine.com/category/entertainment/feed/,Entertainment,Top Sources,Entertainment,Celebs,Film,TV,false,,,,,
6696759a347e0ad714039d34,Flavorwire,www.flavorwire.com,https://feeds.feedburner.com/flavorwire-rss,Entertainment,Top Sources,Entertainment,,,,false,,,,,
6696759a347e0ad714039d35,Film School Rejects,filmschoolrejects.com,https://feeds.feedburner.com/FilmSchoolRejects,Entertainment,Top Sources,Entertainment,,,,false,,,,,
6696759a347e0ad714039d36,Ain't It Cool,www.aintitcool.com,https://www.aintitcool.com/node/feed/,Entertainment,Top Sources,Entertainment,,,,false,,,,,
6696759a347e0ad714039d37,CinemaBlend,www.cinemablend.com,https://www.cinemablend.com/rss/topic/news/movies,Entertainment,Top Sources,Entertainment,,,,false,,,,,
6696759a347e0ad714039d38,Hollywood Life,hollywoodlife.com,https://hollywoodlife.com/feed/,Entertainment,Top Sources,Entertainment,,,,false,,,,,
6696759a347e0ad714039d39,TVLine,tvline.com,https://tvline.com/feed/,Entertainment,Top Sources,Entertainment,,,,false,,,,,
6696759a347e0ad714039d3a,Refinery29,www.refinery29.com,https://www.refinery29.com/index.xml,Fashion,Top Sources,Fashion,,,,true,,,,,
6696759a347e0ad714039d3b,The Art of Manliness,www.artofmanliness.com,https://feeds2.feedburner.com/TheArtOfManliness,Fashion,Top Sources,Fashion,,,,true,,,,,
6696759a347e0ad714039d3c,Hypebeast,hypebeast.com,https://feeds.feedburner.com/hypebeast/feed,Fashion,Top Sources,Fashion,,,,true,,,,,
6696759a347e0ad714039d3d,Popsugar,www.popsugar.com,https://www.popsugar.com/feed,Fashion,Top Sources,Fashion,,,,true,,,,,
6696759a347e0ad714039d3e,Uncrate,uncrate.com,https://feeds.feedburner.com/uncrate,Fashion,Top Sources,Fashion,,,,true,,,,,
6696759a347e0ad714039d3f,Fashionista,fashionista.com,https://feeds.feedburner.com/fashionistacom,Fashion,Top Sources,Fashion,,,,true,,,,,
6696759a347e0ad714039d40,GQ,www.gq.com,https://www.gq.com/feed/rss,Fashion,Top Sources,Fashion,,,,false,,,,,
6696759a347e0ad714039d41,Esquire,www.esquire.com,https://www.esquire.com/rss/style.xml/,Fashion,Top Sources,Fashion,,,,false,,,,,
6696759a347e0ad714039d42,Who What Wear,www.whowhatwear.com,https://feeds.whowhatwear.com/whowhatwear,Fashion,Top Sources,Fashion,,,,false,,,,,
6696759a347e0ad714039d43,Elle,www.elle.com,https://www.elle.com/rss/fashion.xml/,Fashion,Top Sources,Fashion,,,,false,,,,,
6696759a347e0ad714039d44,Vogue,www.vogue.com,https://www.vogue.com/feed/rss,Fashion,Top Sources,Fashion,,,,false,,,,,
6696759a347e0ad714039d45,Highsnobiety,www.highsnobiety.com,https://feeds.feedburner.com/highsnobiety/rss,Fashion,Top Sources,Fashion,,,,false,,,,,
6696759a347e0ad714039d46,The Business of Fashion,www.businessoffashion.com,https://www.businessoffashion.com/arc/outboundfeeds/rss/?outputType=xml,Fashion,Top Sources,Fashion,,,,false,,,,,
6696759a347e0ad714039d47,Into The Gloss,intothegloss.com,https://feeds.feedburner.com/intothegloss/oqoU,Fashion,Top Sources,Fashion,,,,false,,,,,
6696759a347e0ad714039d48,DORÉ,www.wearedore.com,https://www.wearedore.com/feed/,Fashion,Top Sources,Fashion,,,,false,,,,,
6696759a347e0ad714039d49,WWD,wwd.com,https://wwd.com/custom-feed/recent-stories/,Fashion,Top Sources,Fashion,,,,false,,,,,
6696759a347e0ad714039d4a,Bubby and Bean,www.bubbyandbean.com,https://feeds.feedburner.com/BubbyAndBean,Fashion,Top Sources,Fashion,,,,false,,,,,
6696759a347e0ad714039d4b,Honestly WTF,honestlywtf.com,https://feeds.feedburner.com/honestlywtf,Fashion,Top Sources,Fashion,,,,false,,,,,
6696759a347e0ad714039d4c,FashionBeans,www.fashionbeans.com,https://www.fashionbeans.com/feed/,Fashion,Top Sources,Fashion,,,,false,,,,,
6696759a347e0ad714039d4d,Put This On,putthison.com,https://putthison.com/feed/,Fashion,Top Sources,Fashion,,,,false,,,,,
6696759a347e0ad714039d4e,Kitchn,www.thekitchn.com,https://feeds.feedburner.com/apartmenttherapy/thekitchn,Food,Top Sources,Food,,,,true,,,,,
6696759a347e0ad714039d4f,Bon Appétit,www.bonappetit.com,https://www.bonappetit.com/feed/rss,Food,Top Sources,Food,,,,true,,,,,
6696759a347e0ad714039d50,Lifehacker - Skillet,lifehacker.com,https://lifehacker.com/rss,Food,Top Sources,Food,,,,true,,,,,
6696759a347e0ad714039d51,Eater,www.eater.com;nymag.com;austin.eater.com,https://feeds.feedburner.com/EaterNational,Food,Top Sources,Food,,,,true,,,,,
6696759a347e0ad714039d52,Simply Recipes,www.simplyrecipes.com,https://www.simplyrecipes.com/feeds/google-news,Food,Top Sources,Food,,,,false,,,,,
6696759a347e0ad714039d53,Serious Eats,www.seriouseats.com,https://feeds.seriouseats.com/seriouseatsfeaturesvideos,Food,Top Sources,Food,,,,false,,,,,
6696759a347e0ad714039d54,Food52,food52.com,https://feeds.feedburner.com/food52-TheAandMBlog,Food,Top Sources,Food,,,,false,,,,,
6696759a347e0ad714039d55,Pinch of Yum,pinchofyum.com,https://feeds.feedburner.com/pinch-of-yum,Food,Top Sources,Food,,,,false,,,,,
6696759a347e0ad714039d56,Dilbert Daily Strip,dilbert.com,https://feeds.feedburner.com/DilbertDailyStrip,Fun,Top Sources,Fun,,,,true,,,,,
6696759a347e0ad714039d57,The Onion,www.theonion.com,https://www.theonion.com/rss,Fun,Top Sources,Fun,,,,true,,,,,
6696759a347e0ad714039d58,FAIL Blog,cheezburger.com,https://feeds.feedburner.com/failblog,Fun,Top Sources,Fun,,,,true,,,,,
6696759a347e0ad714039d59,The Oatmeal,theoatmeal.com,https://theoatmeal.com/feed/rss,Fun,Top Sources,Fun,,,,false,,,,,
6696759a347e0ad714039d5a,Saturday Morning Breakfast Cereal,www.smbc-comics.com,https://www.smbc-comics.com/comic/rss,Fun,Top Sources,Fun,,,,false,,,,,
6696759a347e0ad714039d5b,Cracked,www.cracked.com,https://feeds.feedburner.com/CrackedRSS,Fun,Top Sources,Fun,,,,false,,,,,
6696759a347e0ad714039d5c,I Can Has Cheezburger?,cheezburger.com,https://feeds.feedburner.com/ICanHasCheezburger,Fun,Top Sources,Fun,,,,false,,,,,
6696759a347e0ad714039d5d,Penny Arcade,www.penny-arcade.com,https://feeds.penny-arcade.com/pa-mainsite,Fun,Top Sources,Fun,,,,false,,,,,
6696759a347e0ad714039d5e,Healthline,www.healthline.com,https://www.healthline.com/rss/health-news,Health,Top Sources,Health,,,,true,,,,,
6696759a347e0ad714039d5f,WebMD Health,www.webmd.com,https://rssfeeds.webmd.com/rss/rss.aspx?RSSSource=RSS_PUBLIC,Health,Top Sources,Health,,,,true,,,,,
6696759a347e0ad714039d60,Mayo Clinic,www.mayoclinic.org,https://www.mayoclinic.org/rss/all-health-information-topics,Health,Top Sources,Health,,,,false,,,,,
6696759a347e0ad714039d61,Men's Health,www.menshealth.com,https://www.menshealth.com/rss/all.xml/,Health,Top Sources,Health,Fitness,,,false,,,,,
6696759a347e0ad714039d62,Nerd Fitness,www.nerdfitness.com,https://feeds.feedburner.com/NerdFitnessBlog,Health,Top Sources,Health,Fitness,,,false,,,,,
6696759a347e0ad714039d63,mindbodygreen,www.mindbodygreen.com,https://www.mindbodygreen.com/rss/feed.xml,Health,Top Sources,Health,,,,false,,,,,
6696759a347e0ad714039d64,New England Journal of Medicine,www.nejm.org,https://www.nejm.org/action/showFeed?jc=nejm&type=etoc&feed=rss,Health,Top Sources,Health,,,,false,,,,,
6696759a347e0ad714039d65,SELF,www.self.com,https://www.self.com/feed/rss,Health,Top Sources,Health,Fitness,,,false,,,,,
6696759a347e0ad714039d66,Greatist,greatist.com,https://greatist.com/feed,Health,Top Sources,Health,,,,false,,,,,
6696759a347e0ad714039d67,Well+Good,www.wellandgood.com,https://www.wellandgood.com/feed/,Health,Top Sources,Health,,,,false,,,,,
6696759a347e0ad714039d68,MedicineNet,www.medicinenet.com,https://www.medicinenet.com/rss/dailyhealth.xml,Health,Top Sources,Health,,,,false,,,,,
6696759a347e0ad714039d69,Shape Magazine,www.shape.com,https://www.shape.com/rss.xml,Health,Top Sources,Health,Fitness,,,false,,,,,
6696759a347e0ad714039d6a,Wellness Mama,wellnessmama.com,https://wellnessmama.com/feed/,Health,Top Sources,Health,,,,false,,,,,
6696759a347e0ad714039d6b,Houzz,www.houzz.com,https://www.houzz.com/getGalleries/featured/out-rss,Home,Top Sources,Home,Design,,,true,,,,,
6696759a347e0ad714039d6c,Apartment Therapy,www.apartmenttherapy.com,https://www.apartmenttherapy.com/main.rss,Home,Top Sources,Home,,,,true,,,,,
6696759a347e0ad714039d6d,Design Milk,design-milk.com,https://feeds.feedburner.com/design-milk,Home,Top Sources,Home,Design,,,true,,,,,
6696759a347e0ad714039d6e,Bob Vila,www.bobvila.com,https://www.bobvila.com/rss.xml,Home,Top Sources,Home,DIY,,,false,,,,,
6696759a347e0ad714039d6f,Contemporist,www.contemporist.com,https://feeds.feedburner.com/contemporist,Home,Top Sources,Home,,,,false,,,,,
6696759a347e0ad714039d70,Trendir,www.trendir.com,https://feeds.feedburner.com/trendir/,Home,Top Sources,Home,,,,false,,,,,
6696759a347e0ad714039d71,sfgirlbybay,www.sfgirlbybay.com,https://www.sfgirlbybay.com/feed/,Home,Top Sources,Home,,,,false,,,,,
6696759a347e0ad714039d72,Poppytalk,poppytalk.blogspot.com,https://feeds.feedburner.com/blogspot/ISuVv,Home,Top Sources,Home,,,,false,,,,,
6696759a347e0ad714039d73,Juniper Home,juniperhome.com,https://juniperhome.com/blog/feed/,Home,Top Sources,Home,,,,false,,,,,
6696759a347e0ad714039d74,Homedit,www.homedit.com,https://feeds.feedburner.com/Homedit,Home,Top Sources,Home,Design,,,false,,,,,
6696759a347e0ad714039d75,Making it Lovely,makingitlovely.com,https://feeds2.feedburner.com/makingitlovely,Home,Top Sources,Home,Design,,,false,,,,,
6696759a347e0ad714039d76,Remodelista,www.remodelista.com,https://www.remodelista.com/feed/,Home,Top Sources,Home,Design,,,false,,,,,
6696759a347e0ad714039d77,domino,www.domino.com,https://www.domino.com/feed/,Home,Top Sources,Home,,,,false,,,,,
6696759a347e0ad714039d78,The Design Files,thedesignfiles.net,https://thedesignfiles.net/feed/,Home,Top Sources,Home,Design,,,false,,,,,
6696759a347e0ad714039d79,Starts With A Bang!,medium.com,https://medium.com/feed/starts-with-a-bang,Science,Top Sources,Science,,,,true,,,,,
6696759a347e0ad714039d7a,Livescience.com,www.livescience.com,https://feeds.feedburner.com/Livesciencecom,Science,Top Sources,Science,,,,true,,,,,
6696759a347e0ad714039d7b,Scientific American,www.scientificamerican.com,https://rss.sciam.com/ScientificAmerican-Global,Science,Top Sources,Science,,,,true,,,,,
6696759a347e0ad714039d7c,Popular Science,www.popsci.com,https://www.popsci.com/feed/,Science,Top Sources,Science,,,,true,,,,,
6696759a347e0ad714039d7d,Nature,www.nature.com,https://feeds.nature.com/nature/rss/current,Science,Top Sources,Science,,,,true,,,,,
6696759a347e0ad714039d7e,Space.com,www.space.com,https://www.space.com/feeds/all,Science,Top Sources,Science,,,,false,,,,,
6696759a347e0ad714039d7f,ScienceMag,www.science.org,https://www.science.org/rss/news_current.xml,Science,Top Sources,Science,,,,false,,,,,
6696759a347e0ad714039d80,ScienceAlert,www.sciencealert.com,https://feeds.feedburner.com/sciencealert-latestnews,Science,Top Sources,Science,,,,false,,,,,
6696759a347e0ad714039d81,NASA Image of the Day,www.nasa.gov,https://www.nasa.gov/rss/dyn/lg_image_of_the_day.rss,Science,Top Sources,Science,Photos,,,false,,,,,
6696759a347e0ad714039d82,New Scientist,www.newscientist.com,https://feeds.newscientist.com/science-news/,Science,Top Sources,Science,,,,false,,,,,
6696759a347e0ad714039d83,Ars Technica,arstechnica.com,https://feeds.arstechnica.com/arstechnica/science,Science,Top Sources,Science,,,,false,,,,,
6696759a347e0ad714039d84,Smithsonian Magazine,www.smithsonianmag.com,https://feeds.feedburner.com/smithsonianmag/science-nature,Science,Top Sources,Science,,,,false,,,,,
6696759a347e0ad714039d85,Information is Beautiful,informationisbeautiful.net,https://feeds.feedburner.com/InformationIsBeautiful,Science,Top Sources,Science,,,,false,,,,,
6696759a347e0ad714039d86,ScienceDaily,www.sciencedaily.com,https://www.sciencedaily.com/newsfeed.xml,Science,Top Sources,Science,,,,false,,,,,
6696759a347e0ad714039d87,Futurism,futurism.com,https://futurism.com/feed,Science,Top Sources,Science,,,,false,,,,,
6696759a347e0ad714039d88,FlowingData,flowingdata.com,https://flowingdata.com/feed,Science,Top Sources,Science,,,,false,,,,,
6696759a347e0ad714039d89,Futurity,www.futurity.org,https://www.futurity.org/feed/,Science,Top Sources,Science,,,,false,,,,,
6696759a347e0ad714039d8a,Bad Astronomy,www.syfy.com,https://www.syfy.com/syfy-wire/topic/bad-astronomy/feed,Science,Top Sources,Science,,,,false,,,,,
6696759a347e0ad714039d8b,Phys.org,phys.org,https://phys.org/rss-feed/,Science,Top Sources,Science,,,,false,,,,,
6696759a347e0ad714039d8c,Big Think,bigthink.com,https://feeds.feedburner.com/bigthink/main,Science,Top Sources,Science,,,,false,,,,,
6696759a347e0ad714039d8d,NASA Breaking News,www.nasa.gov,https://www.nasa.gov/rss/dyn/breaking_news.rss,Science,Top Sources,Science,,,,false,,,,,
6696759a347e0ad714039d8e,Mind Hacks,mindhacks.com,https://mindhacks.com/feed/atom/,Science,Top Sources,Science,,,,false,,,,,
6696759a347e0ad714039d8f,FiveThirtyEight - Science,fivethirtyeight.com,https://fivethirtyeight.com/science/feed/,Science,Top Sources,Science,,,,false,,,,,
6696759a347e0ad714039d90,IEEE Spectrum,spectrum.ieee.org,https://feeds2.feedburner.com/IeeeSpectrum,Science,Top Sources,Science,,,,false,,,,,
6696759a347e0ad714039d91,ESPN,www.espn.com,https://www.espn.com/espn/rss/news,Sports,Top Sources,Sports,,,,true,,,,,
6696759a347e0ad714039d92,Bleacher Report,bleacherreport.com,https://bleacherreport.com/articles/feed,Sports,Top Sources,Sports,,,,true,,,,,
6696759a347e0ad714039d93,Yahoo! Sports,news.yahoo.com,https://news.yahoo.com/rss/sports,Sports,Top Sources,Sports,,,,true,,,,,
6696759a347e0ad714039d94,CBSSports,www.cbssports.com,https://www.cbssports.com/rss/headlines/,Sports,Top Sources,Sports,,,,true,,,,,
6696759a347e0ad714039d95,Deadspin,deadspin.com,https://feeds.feedburner.com/deadspin/,Sports,Top Sources,Sports,,,,false,,,,,
6696759a347e0ad714039d96,SkySports,www.skysports.com,https://www.skysports.com/rss/11095,Sports,Top Sources,Sports,,,,false,,,,,
6696759a347e0ad714039d97,ESPN - Cricket,www.espncricinfo.com,https://www.espncricinfo.com/rss/content/story/feeds/0.xml,Sports,Top Sources,Sports,Cricket,,,false,,,,,
6696759a347e0ad714039d98,SBNation.com,www.sbnation.com,https://feeds.sbnation.com/rss/current,Sports,Top Sources,Sports,,,,false,,,,,
6696759a347e0ad714039d99,The Telegraph - Sports,www.telegraph.co.uk,https://www.telegraph.co.uk/sport/rss.xml,Sports,Top Sources,Sports,,,,false,,,,,
6696759a347e0ad714039d9a,FiveThirtyEight - Sports,projects.fivethirtyeight.com;fivethirtyeight.com,https://fivethirtyeight.com/sports/feed/,Sports,Top Sources,Sports,,,,false,,,,,
6696759a347e0ad714039d9b,ESPN - Football,www.espn.com,https://www.espn.com/espn/rss/soccer/news,Sports,Top Sources,Sports,Football,,,false,,,,,
6696759a347e0ad714039d9c,FOX Sports,www.foxsports.com,https://api.foxsports.com/v1/rss,Sports,Top Sources,Sports,,,,false,,,,,
6696759a347e0ad714039d9d,MLB Trade Rumors,www.mlbtraderumors.com,https://www.mlbtraderumors.com/feed/atom,Sports,Top Sources,Sports,Baseball,,,false,,,,,
6696759a347e0ad714039d9e,FanGraphs Baseball,blogs.fangraphs.com,https://blogs.fangraphs.com/feed/,Sports,Top Sources,Sports,Baseball,,,false,,,,,
6696759a347e0ad714039d9f,Uproxx - Sports,uproxx.com,https://feeds.feedburner.com/uproxx/withleather,Sports,Top Sources,Sports,,,,false,,,,,
6696759a347e0ad714039da0,The Ringer,www.theringer.com,https://www.theringer.com/rss/index.xml,Sports,Top Sources,Sports,,,,false,,,,,
6696759a347e0ad714039da1,Arseblog,shows.acast.com,https://feeds.feedburner.com/arseblog,Sports,Top Sources,Sports,,,,false,,,,,
6696759a347e0ad714039da2,The Athletic,theathletic.com,https://theathletic.com/rss-feed/,Sports,Top Sources,Sports,,,,false,,,,,
6696759a347e0ad714039da3,RealGM Basketball Wiretap,basketball.realgm.com,https://basketball.realgm.com/rss/realgm_nba_wiretap.xml,Sports,Top Sources,Sports,Basketball,,,false,,,,,
6696759a347e0ad714039da4,The Athletic - NBA,theathletic.com,https://theathletic.com/nba/?rss=1,Sports,Top Sources,Sports,Basketball,,,false,,,,,
6696759a347e0ad714039da5,CNET News,www.cnet.com,https://www.cnet.com/rss/news/,Technology,Top Sources,Technology,,,,true,,,,,
6696759a347e0ad714039da6,The Verge,www.theverge.com,https://www.theverge.com/rss/full.xml,Technology,Top Sources,Technology,,,,true,,,,,
6696759a347e0ad714039da7,Engadget,www.engadget.com,https://www.engadget.com/rss-full.xml,Technology,Top Sources,Technology,,,,true,,,,,
6696759a347e0ad714039da8,Wired,www.wired.com,https://www.wired.com/feed,Technology,Top Sources,Technology,Culture,,,true,,,,,
6696759a347e0ad714039da9,Lifehacker,lifehacker.com,https://lifehacker.com/rss,Technology,Top Sources,Technology,Culture,,,true,,,,,
6696759a347e0ad714039daa,TechCrunch,techcrunch.com,https://techcrunch.com/feed/,Technology,Top Sources,Technology,,,,true,,,,,
6696759a347e0ad714039dab,Gizmodo,gizmodo.com,https://gizmodo.com/rss,Technology,Top Sources,Technology,,,,true,,,,,
6696759a347e0ad714039dac,ZDNet,www.zdnet.com,https://www.zdnet.com/news/rss.xml,Technology,Top Sources,Technology,,,,false,,,,,
6696759a347e0ad714039dad,Mashable,mashable.com,https://feeds.mashable.com/Mashable,Technology,Top Sources,Technology,,,,false,,,,,
6696759a347e0ad714039dae,TechRadar,www.techradar.com,https://www.techradar.com/rss,Technology,Top Sources,Technology,,,,false,,,,,
6696759a347e0ad714039daf,Digital Trends,www.digitaltrends.com,https://www.digitaltrends.com/feed/,Technology,Top Sources,Technology,,,,false,,,,,
6696759a347e0ad714039db0,How-To Geek,www.cloudsavvyit.com;www.howtogeek.com;www.reviewgeek.com,https://feeds.howtogeek.com/HowToGeek,Technology,Top Sources,Technology,,,,false,,,,,
6696759a347e0ad714039db1,GSMArena,www.gsmarena.com,https://www.gsmarena.com/rss-news-reviews.php3,Technology,Top Sources,Technology,,,,false,,,,,
6696759a347e0ad714039db2,Android Central,www.androidcentral.com,https://www.androidcentral.com/feed,Technology,Top Sources,Technology,,,,false,,,,,
6696759a347e0ad714039db3,MacRumors,www.macrumors.com,https://feeds.macrumors.com/MacRumors-Front,Technology,Top Sources,Technology,,,,false,,,,,
6696759a347e0ad714039db4,VentureBeat,venturebeat.com,https://venturebeat.com/feed/,Technology,Top Sources,Technology,Business,,,false,,,,,
6696759a347e0ad714039db5,The Next Web,thenextweb.com,https://feeds2.feedburner.com/thenextweb,Technology,Top Sources,Technology,,,,false,,,,,
6696759a347e0ad714039db6,Windows Central,www.windowscentral.com,https://feeds.feedburner.com/wmexperts,Technology,Top Sources,Technology,,,,false,,,,,
6696759a347e0ad714039db7,MakeUseOf,www.makeuseof.com,https://feeds.feedburner.com/Makeuseof,Technology,Top Sources,Technology,,,,false,,,,,
6696759a347e0ad714039db8,Hackaday,hackaday.com,https://hackaday.com/blog/feed/,Technology,Top Sources,Technology,,,,false,,,,,
6696759a347e0ad714039db9,9to5Mac,9to5mac.com,https://9to5mac.com/feed/,Technology,Top Sources,Technology,,,,false,,,,,
6696759a347e0ad714039dba,IEEE Spectrum,spectrum.ieee.org,https://feeds2.feedburner.com/IeeeSpectrum,Technology,Top Sources,Technology,,,,false,,,,,
6696759a347e0ad714039dbb,The Points Guy,thepointsguy.com,https://feeds.feedburner.com/thepointsguy,Travel,Top Sources,Travel,,,,true,,,,,
6696759a347e0ad714039dbc,Lonely Planet,www.lonelyplanet.com,https://www.lonelyplanet.com/articles/news/feed/atom,Travel,Top Sources,Travel,,,,true,,,,,
6696759a347e0ad714039dbd,Atlas Obscura,www.atlasobscura.com,https://www.atlasobscura.com/feeds/latest,Travel,Top Sources,Travel,,,,true,,,,,
6696759a347e0ad714039dbe,Stuck in Customs,stuckincustoms.com,https://feeds.feedburner.com/stuckincustoms/EmRA,Travel,Top Sources,Travel,,,,false,,,,,
6696759a347e0ad714039dbf,One Mile at a Time,onemileatatime.com,https://onemileatatime.com/feed/,Travel,Top Sources,Travel,,,,false,,,,,
6696759a347e0ad714039dc0,Skift,skift.com,https://skift.com/feed/,Travel,Top Sources,Travel,,,,false,,,,,
6696759a347e0ad714039dc1,Matador Network,matadornetwork.com,https://matadornetwork.com/feed/,Travel,Top Sources,Travel,,,,false,,,,,
6696759a347e0ad714039dc2,Adventure,adventure.com,https://adventure.com/feed/,Travel,Top Sources,Travel,,,,false,,,,,
6696759a347e0ad714039dc3,Million Mile Secrets,millionmilesecrets.com,https://feeds.feedburner.com/MillionMileSecrets,Travel,Top Sources,Travel,,,,false,,,,,
6696759a347e0ad714039dc4,FlyerTalk,www.flyertalk.com,https://www.flyertalk.com/feed,Travel,Top Sources,Travel,,,,false,,,,,
6696759a347e0ad714039dc5,BoardingArea,www.paddleyourownkanoo.com;milesforfamily.com;liveandletsfly.com;travelupdate.com;yourmileagemayvary.net;viewfromthewing.com;youhavebeenupgraded.boardingarea.com;onemileatatime.com;milestomemories.com,https://boardingarea.com/feed/atom/,Travel,Top Sources,Travel,,,,false,,,,,
6696759a347e0ad714039dc6,Frommer's,www.frommers.com,https://www.frommers.com/feed,Travel,Top Sources,Travel,,,,false,,,,,
6696759a347e0ad714039dc7,The Guardian - Travel,www.theguardian.com,https://www.theguardian.com/us/travel/rss,Travel,Top Sources,Travel,,,,false,,,,,
6696759a347e0ad714039dc8,Secret Flying,www.secretflying.com,https://www.secretflying.com/feed/,Travel,Top Sources,Travel,,,,false,,,,,
6696759a347e0ad714039dc9,Travel Weekly,www.travelweekly.com,https://feeds.feedburner.com/TravelWeeklysTopStories,Travel,Top Sources,Travel,,,,false,,,,,
6696759a347e0ad714039dca,AFAR Magazine,www.afar.com,https://feeds.feedburner.com/AfarMagazine,Travel,Top Sources,Travel,,,,false,,,,,
6696759a347e0ad714039dcb,Rick Steves' Travel Blog,blog.ricksteves.com,https://blog.ricksteves.com/feed/,Travel,Top Sources,Travel,,,,false,,,,,
6696759a347e0ad714039dcc,The Flight Deal,www.theflightdeal.com,https://feeds.feedburner.com/TheFlightDeal,Travel,Top Sources,Travel,,,,false,,,,,
